{
  "genre": [
      "ghostkid", "hedonist", "caliban", "80s", "britpop", "disturbed", 
      "asking alexandria", "bad omens", "five finger death punch", 
      "ash code", "backstreet boys", "lionheart", "ska", "erasure", 
      "red hot chilli peppers", "no doubt", "pop", "m83", "latin bass", 
      "melodichouse", "dancehall", "soul", "bulgarisch", "bad wolves", 
      "boybands", "rock", "charts", "älternative", "papa roach", 
      "indietronic", "the buggles", "the ghost inside", "bad relegion", 
      "rage against the machine", "dead by april", "rap-core", "osun", 
      "death-core", "ebm", "hardstyle", "new wave", "alter bridge", 
      "dance", "indieparty", "blur", "afrobeat", "trans x", 
      "boysetsfire", "turbonegro", "uk garage", "deephouse", 
      "limp bizikit", "the cure", "pearl jam", "latino", "aqua", 
      "billy talent bloodhound gang", "synthie pop", "human league", 
      "rawstyle", "dark electro", "alternative", "sex pistols", 
      "robbie williams", "grunge", "bauhaus", "90s", "undertones", 
      "deutschrap", "guano apes", "elwood stray", "at the drive-in", 
      "enter shikari", "anti flag", "spice girls", "whitechapel", 
      "punk", "ramones", "linea aspera", "atreyu", "the hives the offspring", 
      "ace of base", "david bowie", "mushroomhead", "green day", 
      "the clash", "joydivison", "spandau ballet", "the misfits", 
      "dark wave", "sisters of mercy", "depeche mode", "we butter the bread with butter", 
      "slaughter to prevail", "pixies", "david hasselhoff", "hatebreed", 
      "daf", "siouxsie and the banshees", "bury tomorrow", 
      "alternative rock", "talk talk", "balkan", "bryan adams", 
      "psychedelic", "shoegaze", "bleed from within", "metal", 
      "post-hardcore", "marc almond", "dark", "crossover", "helia", 
      "in flames", "nirvana", "soundgarden", "the smiths", "radiohead", 
      "trivium", "emo", "industrial", "new jack swing", "shoegaze", 
      "2000s", "alexisonfire", "sum41", "drum n bass", "psytrance", 
      "indie", "rancid", "alternative indie", "flock of seagulls", 
      "emo", "hiphop", "metalcore", "wave", "gothic"
  ],
  "eventType": [
      "event", "newyear", "jga", "veranstaltung in ehrenfeld", "premiere", 
      "freitag", "after work", "party", "live-show", "tango workshop", 
      "karaoke", "hardgroove", "event zu zweit", "afterwork", "veranstaltungen diese woche", 
      "tagestipp", "weekendtipp", "feier", "tanzparty", "silvesterparty", 
      "live", "concert", "club sound", "performance", "verlosung", 
      "party am wochenende", "silvester köln", "show", "milonga", 
      "salsaparty", "tango argentino"
  ],
  "culuralLocal": [
      "thköln", "zülpicherstrasse", "belgisches viertel", "zimmermanns", 
      "reineke fuchs", "artheater", "bürgerhaus stollwerck", 
      "bootshaus", "engelshof", "ehrenfeld", "belgischesviertel", 
      "fhköln", "spohoköln", "kölnehrenfeld", "macromediaköln", 
      "weihnachtsmarkt", "kölnevents", "things to do in köln"
  ],
  "drinks": [
      "espressomartini", "prosecco", "sekt", "cocktails", "vino", 
      "glühwein", "freibier", "wein", "vodka-energy", "freihugo"
  ],
  "societyIdentity": [
      "queer", "queerfriendly", "lgbtq", "feminismus", "diversität", 
      "schoensociety", "lgbtqia+", "single", "couple", "gay"
  ],
  "danceAndMovement": [
      "dancehall", "tango", "bachata", "salsa", "dance", "latinhouse", 
      "bachatakurs", "bachata", "ruedakurs", "salsakurs", "tanz", 
      "rave"
  ],
  "seasons": [
      "newyear", "weihnachten", "silvester", "sommer", "christmas", 
      "dryjanuary"
  ],
  "foodAndDrinks": [
      "food", "essen", "dine&dance", "drinks", "tasting", "weintasting"
  ],
  "technology": [
      "techno", "electro", "deephouse", "synthwave", "psytrance", 
      "eftechno", "house", "melodic techno"
  ],
  "special": [
      "ugly sweater", "fetisch", "drag", "burlesque", "travestie", 
      "guilty pleasures", "art", "artofurbanlife"
  ]
}